{"cameraMode":{"drawMode":0,"name":"Shaded","section":"Shading Mode"},"sceneLighting":false,"audioPlay":false,"sceneViewState":{"m_AlwaysRefresh":false,"showFog":true,"showSkybox":false,"showFlares":true,"showImageEffects":true,"showParticleSystems":true,"showVisualEffectGraphs":true,"m_FxEnabled":true},"in2DMode":false,"pivot":{"x":11.859478950500489,"y":3.9159085750579836,"z":0.29369592666625979},"rotation":{"x":-0.0417892225086689,"y":0.9500521421432495,"z":-0.14534230530261994,"w":-0.2730861008167267},"size":4.374075412750244,"orthographic":false}