{"cameraMode":{"drawMode":0,"name":"Shaded","section":"Shading Mode"},"sceneLighting":false,"audioPlay":false,"sceneViewState":{"m_AlwaysRefresh":false,"showFog":true,"showSkybox":false,"showFlares":true,"showImageEffects":true,"showParticleSystems":true,"showVisualEffectGraphs":true,"m_FxEnabled":true},"in2DMode":false,"pivot":{"x":25.63555145263672,"y":0.6193172335624695,"z":6.169325828552246},"rotation":{"x":-0.0020803515799343588,"y":0.9966703653335571,"z":-0.026926090940833093,"w":-0.0769951343536377},"size":1.2247449159622193,"orthographic":false}