{"cameraMode":{"drawMode":0,"name":"Shaded","section":"Shading Mode"},"sceneLighting":false,"audioPlay":false,"sceneViewState":{"m_AlwaysRefresh":false,"showFog":true,"showSkybox":false,"showFlares":true,"showImageEffects":true,"showParticleSystems":true,"showVisualEffectGraphs":true,"m_FxEnabled":true},"in2DMode":false,"pivot":{"x":-5.170000076293945,"y":3.6066696643829347,"z":0.38252460956573489},"rotation":{"x":-0.0016756870318204165,"y":0.9812495112419128,"z":-0.19259321689605714,"w":-0.008536633104085923},"size":4.5154900550842289,"orthographic":false}