{"cameraMode":{"drawMode":0,"name":"Shaded","section":"Shading Mode"},"sceneLighting":true,"audioPlay":false,"sceneViewState":{"m_AlwaysRefresh":false,"showFog":true,"showSkybox":true,"showFlares":true,"showImageEffects":true,"showParticleSystems":true,"showVisualEffectGraphs":true,"m_FxEnabled":true},"in2DMode":false,"pivot":{"x":11.016032218933106,"y":1.2977715730667115,"z":-1.5569461584091187},"rotation":{"x":-0.047222502529621127,"y":0.9498836398124695,"z":-0.1769820749759674,"w":-0.25339940190315249},"size":4.035678386688232,"orthographic":false}